-- INSERT INTO TESTUSER VALUES
-- (1,'PeterM','ABC123abc*','peter@email.com','2020-03-17 07:13:30',NULL,'STUDENT','2020-03-17'),
-- (2,'Mike','password','mike@email.com','2020-03-18 14:59:35',NULL,'EMPLOYEE','2020-03-18'),
-- (3,'KingPeter','password','kingpeter@email.com','2020-03-19 12:19:15',NULL,'EMPLOYEE','2020-03-18');

INSERT INTO authority (authority_name) VALUES
('ROLE_PTSTUDENT'),
('ROLE_PTTEACHER'),
('ROLE_USER');

INSERT INTO user_base (`role`,age,created_date,modified_date,address_detailed_address,address_street,address_zipcode,email,gender,nickname,password,profile_picture_addr,tel,username,authority) VALUES
('Student',21,'2021-08-05 20:36:21.655474000','2021-08-05 20:36:21.655474000','래미안','대전광역시 유성구 동서대로 98-39','34153','chuu@ssafy.com',1,'츄','$2a$10$LD3wHUZ28afzrOxJe/kixeV2ZpgTfYOFqK9c7PV7Cxw5ihVr13Qte','https://ogymbucket.s3.ap-northeast-2.amazonaws.com/chuu.jpg','010-2021-0721','김지우','ROLE_PTSTUDENT'),
('Student',19,'2021-08-05 20:33:24.766994000','2021-08-05 20:33:24.766994000','대청아파트','광주광역시 광산구 하남산단 6번로 107','62218','olivia@ssafy.com',1,'올리비아 혜','$2a$10$I4FslU2TBpser/oY559sIe5oURyIzJL2W5UhBpTdFqqPyTPR7gqoO',NULL,'010-2001-1113','손혜주','ROLE_PTSTUDENT'),
('Teacher',41,'2021-08-01 13:34:28.858993000','2021-08-01 13:34:28.858993000','래미안','서울특별시 강동구 가래여울길 16-1','05200','eggkim@ssafy.com',0,'김계란','$2a$10$j1Y.sjK3vYQ7QDC2jODnhe6uZqRjMVInaUEU5tyoDH295badx8iWu',NULL,'010-2542-2321','김성식','ROLE_PTTEACHER'),
('Teacher',40,'2021-08-02 15:36:25.858993000','2021-08-02 15:36:25.858993000','래미안','경기도 고양시 일산서구 산남로154번길 104-16','10204','agent@ssafy.com',0,'에이전트H','$2a$10$j1Y.sjK3vYQ7QDC2jODnhe6uZqRjMVInaUEU5tyoDH295badx8iWu',NULL,'010-6453-4536','이경영','ROLE_PTTEACHER'),
('Teacher',37,'2021-08-03 14:24:28.858993000','2021-08-03 14:24:28.858993000','상성아파트','경기도 고양시 일산서구 산율길42번길 12','10207','kamel@ssafy.com',0,'카멜','$2a$10$j1Y.sjK3vYQ7QDC2jODnhe6uZqRjMVInaUEU5tyoDH295badx8iWu',NULL,'010-7584-3466','송강호','ROLE_PTTEACHER'),
('Teacher',34,'2021-08-05 13:36:25.858993000','2021-08-05 13:36:25.858993000','디에이치','서울특별시 광진구 능동로 285','04997','mercy@ssafy.com',0,'메르시','$2a$10$j1Y.sjK3vYQ7QDC2jODnhe6uZqRjMVInaUEU5tyoDH295badx8iWu',NULL,'010-4565-3457','엄기준','ROLE_PTTEACHER'),
('Teacher',21,'2021-08-03 11:14:28.858993000','2021-08-03 11:14:28.858993000','힐스테이트','서울특별시 광진구 능동로27가길 8','04998','jed@ssafy.com',1,'제드','$2a$10$j1Y.sjK3vYQ7QDC2jODnhe6uZqRjMVInaUEU5tyoDH295badx8iWu',NULL,'010-3643-4543','서현진','ROLE_PTTEACHER'),
('Teacher',37,'2021-08-06 16:36:46.858993000','2021-08-06 16:36:46.858993000','자이','서울특별시 강남구 남부순환로 2807','06277','karen@ssafy.com',1,'가렌','$2a$10$j1Y.sjK3vYQ7QDC2jODnhe6uZqRjMVInaUEU5tyoDH295badx8iWu',NULL,'010-3459-6443','문채원','ROLE_PTTEACHER'),
('Teacher',29,'2021-07-12 22:25:28.858993000','2021-07-12 22:25:28.858993000','푸르지오','서울특별시 강남구 남부순환로381길 54','06274','gallio@ssafy.com',1,'갈리오','$2a$10$j1Y.sjK3vYQ7QDC2jODnhe6uZqRjMVInaUEU5tyoDH295badx8iWu',NULL,'010-2366-4657','박보영','ROLE_PTTEACHER'),
('Teacher',53,'2021-08-11 15:36:35.858993000','2021-08-11 15:36:35.858993000','롯데캐슬','강원도 삼척시 뒷나루길 182-174','25909','gragas@ssafy.com',0,'그라가스','$2a$10$j1Y.sjK3vYQ7QDC2jODnhe6uZqRjMVInaUEU5tyoDH295badx8iWu',NULL,'010-2375-4576','조정석','ROLE_PTTEACHER'),
('Teacher',24,'2021-08-05 20:36:28.858993000','2021-08-05 20:36:28.858993000','e편한세상','강원도 삼척시 하실길 38','25911','gangplank@ssafy.com',0,'갱플랭크','$2a$10$j1Y.sjK3vYQ7QDC2jODnhe6uZqRjMVInaUEU5tyoDH295badx8iWu',NULL,'010-2348-3457','서장훈','ROLE_PTTEACHER'),
('Teacher',39,'2021-07-24 14:57:47.858993000','2021-07-24 14:57:47.858993000','아이파크','서울특별시 금천구 독산로50가길 43','08564','graves@ssafy.com',1,'그레이브즈','$2a$10$j1Y.sjK3vYQ7QDC2jODnhe6uZqRjMVInaUEU5tyoDH295badx8iWu',NULL,'010-2239-3476','전미도','ROLE_PTTEACHER'),
('Teacher',25,'2021-08-07 20:36:28.858993000','2021-08-07 20:36:28.858993000','상성아파트','서울특별시 금천구 독산로50가길 6','08564','nocturne@ssafy.com',1,'녹턴','$2a$10$j1Y.sjK3vYQ7QDC2jODnhe6uZqRjMVInaUEU5tyoDH295badx8iWu',NULL,'010-2387-3467','이지아','ROLE_PTTEACHER'),
('Teacher',34,'2021-07-13 15:25:35.858993000','2021-07-13 15:25:35.858993000','한신아파트','경상북도 군위군 삼국유사면 낙전2길 150-23','39053','nautilus@ssafy.com',0,'노틸러스','$2a$10$j1Y.sjK3vYQ7QDC2jODnhe6uZqRjMVInaUEU5tyoDH295badx8iWu',NULL,'010-7869-3476','이재빈','ROLE_PTTEACHER'),
('Teacher',25,'2021-08-04 14:36:28.858993000','2021-08-04 14:36:28.858993000','삼성아파트','경상북도 군위군 삼국유사면 화수길 27-7','39057','nami@ssafy.com',0,'나미','$2a$10$j1Y.sjK3vYQ7QDC2jODnhe6uZqRjMVInaUEU5tyoDH295badx8iWu',NULL,'010-4536-3476','이우태','ROLE_PTTEACHER'),
('Teacher',46,'2021-07-12 20:14:58.858993000','2021-07-12 20:14:58.858993000','자이','광주광역시 남구 천변좌로574번길 12-12','61679','nar@ssafy.com',0,'나르','$2a$10$j1Y.sjK3vYQ7QDC2jODnhe6uZqRjMVInaUEU5tyoDH295badx8iWu',NULL,'010-3478-2367','김호재','ROLE_PTTEACHER'),
('Teacher',43,'2021-07-15 15:34:28.858993000','2021-07-15 15:34:28.858993000','래미안','서울특별시 강동구 가래여울길 16-1','05200','nasus@ssafy.com',0,'나서스','$2a$10$j1Y.sjK3vYQ7QDC2jODnhe6uZqRjMVInaUEU5tyoDH295badx8iWu',NULL,'010-6856-3456','정청호','ROLE_PTTEACHER'),
('Teacher',42,'2021-08-03 20:15:23.858993000','2021-08-03 20:15:23.858993000','한신아파트','경기도 고양시 일산서구 산남로154번길','10204','rise@ssafy.com',0,'라이즈','$2a$10$j1Y.sjK3vYQ7QDC2jODnhe6uZqRjMVInaUEU5tyoDH295badx8iWu',NULL,'010-2376-5677','권우혁','ROLE_PTTEACHER'),
('Teacher',29,'2021-07-16 16:33:28.858993000','2021-07-16 16:33:28.858993000','대청아파트','경기도 고양시 일산서구 산율길42번길 12','10207','lucian@ssafy.com',0,'루시안','$2a$10$j1Y.sjK3vYQ7QDC2jODnhe6uZqRjMVInaUEU5tyoDH295badx8iWu',NULL,'010-2387-8566','정화령','ROLE_PTTEACHER'),
('Teacher',48,'2021-08-02 13:36:21.858993000','2021-08-02 13:36:21.858993000','대청아파트','서울특별시 광진구 능동로 285','04997','lux@ssafy.com',0,'럭스','$2a$10$j1Y.sjK3vYQ7QDC2jODnhe6uZqRjMVInaUEU5tyoDH295badx8iWu',NULL,'010-2365-5868','유호재','ROLE_PTTEACHER'),
('Teacher',51,'2021-08-02 14:35:28.858993000','2021-08-02 14:35:28.858993000','대치아파트','서울특별시 광진구 능동로27가길 8','04998','rammus@ssafy.com',0,'람머스','$2a$10$j1Y.sjK3vYQ7QDC2jODnhe6uZqRjMVInaUEU5tyoDH295badx8iWu',NULL,'010-2367-5678','강진호','ROLE_PTTEACHER'),
('Teacher',38,'2021-07-12 13:13:25.858993000','2021-07-12 13:13:25.858993000','교대아파트','서울특별시 강남구 남부순환로 2807','06277','rakan@ssafy.com',0,'라칸','$2a$10$j1Y.sjK3vYQ7QDC2jODnhe6uZqRjMVInaUEU5tyoDH295badx8iWu',NULL,'010-9865-2342','전문석','ROLE_PTTEACHER'),
('Teacher',41,'2021-08-01 16:46:28.858993000','2021-08-01 16:46:28.858993000','대전아파트','서울특별시 강남구 남부순환로381길 54','06274','reksai@ssafy.com',0,'렉사이','$2a$10$j1Y.sjK3vYQ7QDC2jODnhe6uZqRjMVInaUEU5tyoDH295badx8iWu',NULL,'010-4566-3456','김민철','ROLE_PTTEACHER'),
('Teacher',33,'2021-08-05 20:24:28.858993000','2021-08-05 20:24:28.858993000','한신아파트','강원도 삼척시 뒷나루길 182-174','25909','leona@ssafy.com',0,'레오나','$2a$10$j1Y.sjK3vYQ7QDC2jODnhe6uZqRjMVInaUEU5tyoDH295badx8iWu',NULL,'010-3478-4564','이호승','ROLE_PTTEACHER'),
('Teacher',44,'2021-08-05 20:24:28.858993000','2021-08-05 20:24:28.858993000','한신아파트','강원도 삼척시 하실길 38','25911','lulu@ssafy.com',0,'룰루','$2a$10$j1Y.sjK3vYQ7QDC2jODnhe6uZqRjMVInaUEU5tyoDH295badx8iWu',NULL,'010-5487-5647','김혜일','ROLE_PTTEACHER'),
('Teacher',31,'2021-08-03 20:33:28.858993000','2021-08-03 20:33:28.858993000','래미안','전라남도 광양시 제철로 1655-835','57812','diana@ssafy.com',0,'다이애나','$2a$10$j1Y.sjK3vYQ7QDC2jODnhe6uZqRjMVInaUEU5tyoDH295badx8iWu',NULL,'010-1234-5647','정안순','ROLE_PTTEACHER'),
('Teacher',26,'2021-08-01 13:14:28.858993000','2021-08-01 13:14:28.858993000','상성아파트','경기도 고양시 덕양구 도내로156번길 39','10554','draven@ssafy.com',1,'드레이븐','$2a$10$j1Y.sjK3vYQ7QDC2jODnhe6uZqRjMVInaUEU5tyoDH295badx8iWu',NULL,'010-2342-3463','김아영','ROLE_PTTEACHER'),
('Teacher',25,'2021-08-04 14:15:28.858993000','2021-08-04 14:15:28.858993000','한신아파트','경기도 고양시 덕양구 흥도로 79','10488','nico@ssafy.com',0,'니코','$2a$10$j1Y.sjK3vYQ7QDC2jODnhe6uZqRjMVInaUEU5tyoDH295badx8iWu',NULL,'010-2563-2234','안세정','ROLE_PTTEACHER'),
('Teacher',23,'2021-07-12 13:14:28.858993000','2021-07-12 13:14:28.858993000','푸르지오','서울특별시 도봉구 도봉로139길 63','01392','rengar@ssafy.com',0,'렝가','$2a$10$j1Y.sjK3vYQ7QDC2jODnhe6uZqRjMVInaUEU5tyoDH295badx8iWu',NULL,'010-3454-6464','이부경','ROLE_PTTEACHER'),
('Teacher',32,'2021-07-13 20:51:28.858993000','2021-07-13 20:51:28.858993000','자이','전라북도 김제시 광활면 광활13길 239','54302','leblanc@ssafy.com',1,'르블랑','$2a$10$j1Y.sjK3vYQ7QDC2jODnhe6uZqRjMVInaUEU5tyoDH295badx8iWu',NULL,'010-3447-7585','전승옥','ROLE_PTTEACHER'),
('Teacher',41,'2021-08-05 15:14:28.858993000','2021-08-05 15:14:28.858993000','힐스테이트','경기도 고양시 일산동구 고봉로867번길 69-1','10245','my@ssafy.com',0,'마이','$2a$10$j1Y.sjK3vYQ7QDC2jODnhe6uZqRjMVInaUEU5tyoDH295badx8iWu',NULL,'010-6786-3487','조예빈','ROLE_PTTEACHER'),
('Teacher',40,'2021-07-25 20:13:28.858993000','2021-07-25 20:13:28.858993000','대청아파트','전라남도 구례군 문척면 수달생태로 706','57631','maokai@ssafy.com',1,'마오카이','$2a$10$j1Y.sjK3vYQ7QDC2jODnhe6uZqRjMVInaUEU5tyoDH295badx8iWu',NULL,'010-5485-3498','임가인','ROLE_PTTEACHER'),
('Teacher',31,'2021-08-05 16:56:28.858993000','2021-08-05 16:56:28.858993000','푸르지오','충청남도 금산군 남이면 상초현길 100','32752','leesin@ssafy.com',0,'리신','$2a$10$j1Y.sjK3vYQ7QDC2jODnhe6uZqRjMVInaUEU5tyoDH295badx8iWu',NULL,'010-3448-4373','정유빈','ROLE_PTTEACHER'),
('Teacher',39,'2021-07-24 20:51:28.858993000','2021-07-24 20:51:28.858993000','한신아파트','충청남도 금산군 남이면 용동길 14','32751','ribbon@ssafy.com',1,'리븐','$2a$10$j1Y.sjK3vYQ7QDC2jODnhe6uZqRjMVInaUEU5tyoDH295badx8iWu',NULL,'010-4568-3489','채성빈','ROLE_PTTEACHER'),
('Teacher',35,'2021-08-05 20:13:28.858993000','2021-08-05 20:13:28.858993000','상성아파트','전라남도 광양시 제철로 1655-835','57812','lissandra@ssafy.com',0,'리산드라','$2a$10$j1Y.sjK3vYQ7QDC2jODnhe6uZqRjMVInaUEU5tyoDH295badx8iWu',NULL,'010-4564-3497','허주성','ROLE_PTTEACHER'),
('Teacher',37,'2021-07-25 16:24:28.858993000','2021-07-25 16:24:28.858993000','대전아파트','경기도 고양시 덕양구 도내로156번길 39','10554','lilia@ssafy.com',0,'릴리아','$2a$10$j1Y.sjK3vYQ7QDC2jODnhe6uZqRjMVInaUEU5tyoDH295badx8iWu',NULL,'010-3456-2358','전해숙','ROLE_PTTEACHER'),
('Teacher',36,'2021-08-05 20:35:28.858993000','2021-08-05 20:35:28.858993000','e편한세상','경기도 고양시 덕양구 흥도로 79','10488','velkoz@ssafy.com',0,'벨코즈','$2a$10$j1Y.sjK3vYQ7QDC2jODnhe6uZqRjMVInaUEU5tyoDH295badx8iWu',NULL,'010-3457-3497','정예림','ROLE_PTTEACHER'),
('Teacher',41,'2021-07-26 14:53:28.858993000','2021-07-26 14:53:28.858993000','푸르지오','서울특별시 도봉구 도봉로139길 63','01392','veleta@ssafy.com',1,'베인','$2a$10$j1Y.sjK3vYQ7QDC2jODnhe6uZqRjMVInaUEU5tyoDH295badx8iWu',NULL,'010-7890-3409','정경임','ROLE_PTTEACHER'),
('Teacher',42,'2021-08-05 20:43:28.858993000','2021-08-05 20:43:28.858993000','자이','전라북도 김제시 광활면 광활13길 239','10245','bisexual@ssafy.com',0,'바이','$2a$10$j1Y.sjK3vYQ7QDC2jODnhe6uZqRjMVInaUEU5tyoDH295badx8iWu',NULL,'010-5675-7877','임다숙','ROLE_PTTEACHER'),
('Teacher',40,'2021-08-05 15:42:28.858993000','2021-08-05 15:42:28.858993000','자이','경기도 고양시 일산동구 고봉로867번길 69-1','57631','varus@ssafy.com',0,'바루스','$2a$10$j1Y.sjK3vYQ7QDC2jODnhe6uZqRjMVInaUEU5tyoDH295badx8iWu',NULL,'010-5668-6676','임다운','ROLE_PTTEACHER'),
('Teacher',39,'2021-07-14 20:52:28.858993000','2021-07-14 20:52:28.858993000','한신아파트','전라남도 구례군 문척면 수달생태로 706','32752','bard@ssafy.com',1,'바드','$2a$10$j1Y.sjK3vYQ7QDC2jODnhe6uZqRjMVInaUEU5tyoDH295badx8iWu',NULL,'010-4456-5654','이유리','ROLE_PTTEACHER'),
('Teacher',37,'2021-08-05 16:41:28.858993000','2021-08-05 16:41:28.858993000','디에이치','충청남도 금산군 남이면 상초현길 100','32751','malzaha@ssafy.com',0,'말자하','$2a$10$j1Y.sjK3vYQ7QDC2jODnhe6uZqRjMVInaUEU5tyoDH295badx8iWu',NULL,'010-3347-4568','김유리','ROLE_PTTEACHER'),
('Teacher',35,'2021-08-05 23:52:28.858993000','2021-08-05 23:52:28.858993000','힐스테이트','강충청남도 금산군 남이면 용동길 14','57812','shako@ssafy.com',1,'샤코','$2a$10$j1Y.sjK3vYQ7QDC2jODnhe6uZqRjMVInaUEU5tyoDH295badx8iWu',NULL,'010-4545-6656','최예진','ROLE_PTTEACHER'),
('Teacher',25,'2021-07-24 15:41:28.858993000','2021-07-24 15:41:28.858993000','디에이치','전라남도 광양시 제철로 1655-835','10554','set@ssafy.com',0,'세트','$2a$10$j1Y.sjK3vYQ7QDC2jODnhe6uZqRjMVInaUEU5tyoDH295badx8iWu',NULL,'010-2234-5599','정차연','ROLE_PTTEACHER'),
('Teacher',38,'2021-07-25 21:41:28.858993000','2021-07-25 21:41:28.858993000','힐스테이트','경기도 고양시 덕양구 도내로156번길 39','10488','seraphine@ssafy.com',1,'세라핀','$2a$10$j1Y.sjK3vYQ7QDC2jODnhe6uZqRjMVInaUEU5tyoDH295badx8iWu',NULL,'010-5544-4547','임호진','ROLE_PTTEACHER'),
('Student',14,'2021-08-01 13:41:28.858993000','2021-08-01 13:41:28.858993000','래미안','서울특별시 강동구 가래여울길 16-1','05200','vladimir@ssafy.com',0,'블라디미르','$2a$10$j1Y.sjK3vYQ7QDC2jODnhe6uZqRjMVInaUEU5tyoDH295badx8iWu',NULL,'010-2523-2390','임운오','ROLE_PTSTUDENT'),
('Student',16,'2021-08-02 15:41:28.858993000','2021-08-02 15:41:28.858993000','대청아파트','경기도 고양시 일산서구 산남로154번길 104-16','10204','brand@ssafy.com',0,'브랜드','$2a$10$j1Y.sjK3vYQ7QDC2jODnhe6uZqRjMVInaUEU5tyoDH295badx8iWu',NULL,'010-4554-0293','박상열','ROLE_PTSTUDENT'),
('Student',31,'2021-08-05 13:41:28.858993000','2021-08-05 13:41:28.858993000','롯데캐슬','경기도 고양시 일산서구 산율길42번길 12','10207','samira@ssafy.com',1,'사미라','$2a$10$j1Y.sjK3vYQ7QDC2jODnhe6uZqRjMVInaUEU5tyoDH295badx8iWu',NULL,'010-3364-4982','최이서','ROLE_PTSTUDENT'),
('Student',26,'2021-08-01 17:41:28.858993000','2021-08-01 17:41:28.858993000','자이','서울특별시 광진구 능동로 285','04997','senna@ssafy.com',1,'세나','$2a$10$j1Y.sjK3vYQ7QDC2jODnhe6uZqRjMVInaUEU5tyoDH295badx8iWu',NULL,'010-0066-3943','최민규','ROLE_PTSTUDENT'),
('Student',26,'2021-08-04 14:41:28.858993000','2021-08-04 14:41:28.858993000','푸르지오','서울특별시 광진구 능동로27가길 8','04998','viktro@ssafy.com',0,'빅트로','$2a$10$j1Y.sjK3vYQ7QDC2jODnhe6uZqRjMVInaUEU5tyoDH295badx8iWu',NULL,'010-5589-5939','송인수','ROLE_PTSTUDENT'),
('Student',29,'2021-08-02 22:41:28.858993000','2021-08-02 22:41:28.858993000','자이','서울특별시 강남구 남부순환로 2807','06277','shyvana@ssafy.com',0,'쉬바나','$2a$10$j1Y.sjK3vYQ7QDC2jODnhe6uZqRjMVInaUEU5tyoDH295badx8iWu',NULL,'010-0304-3830','이창환','ROLE_PTSTUDENT'),
('Student',30,'2021-08-05 20:41:28.858993000','2021-08-05 20:41:28.858993000','힐스테이트','서울특별시 강남구 남부순환로381길 54','06274','swain@ssafy.com',0,'스웨인','$2a$10$j1Y.sjK3vYQ7QDC2jODnhe6uZqRjMVInaUEU5tyoDH295badx8iWu',NULL,'010-4930-2902','김선곤','ROLE_PTSTUDENT'),
('Student',29,'2021-08-04 15:41:28.858993000','2021-08-04 15:41:28.858993000','롯데캐슬','강원도 삼척시 뒷나루길 182-174','25909','ash@ssafy.com',1,'애쉬','$2a$10$j1Y.sjK3vYQ7QDC2jODnhe6uZqRjMVInaUEU5tyoDH295badx8iWu',NULL,'010-0256-2934','이상백','ROLE_PTSTUDENT'),
('Student',25,'2021-08-07 03:41:28.858993000','2021-08-07 03:41:28.858993000','상성아파트','강원도 삼척시 하실길 38','25911','yasuo@ssafy.com',0,'야스오','$2a$10$j1Y.sjK3vYQ7QDC2jODnhe6uZqRjMVInaUEU5tyoDH295badx8iWu',NULL,'010-2657-7990','박중호','ROLE_PTSTUDENT'),
('Student',26,'2021-08-01 14:41:28.858993000','2021-08-01 14:41:28.858993000','한신아파트','서울특별시 금천구 독산로50가길 43','08564','eco@ssafy.com',0,'에코','$2a$10$j1Y.sjK3vYQ7QDC2jODnhe6uZqRjMVInaUEU5tyoDH295badx8iWu',NULL,'010-5034-8934','이선주','ROLE_PTSTUDENT'),
('Student',26,'2021-08-02 16:41:28.858993000','2021-08-02 16:41:28.858993000','자이','서울특별시 금천구 독산로50가길 6','08564','ani@ssafy.com',1,'애니','$2a$10$j1Y.sjK3vYQ7QDC2jODnhe6uZqRjMVInaUEU5tyoDH295badx8iWu',NULL,'010-8034-9040','이장환','ROLE_PTSTUDENT'),
('Student',14,'2021-08-05 15:41:28.858993000','2021-08-05 15:41:28.858993000','힐스테이트','경상북도 군위군 삼국유사면 낙전2길 150-23','39053','alistar@ssafy.com',1,'알리스타','$2a$10$j1Y.sjK3vYQ7QDC2jODnhe6uZqRjMVInaUEU5tyoDH295badx8iWu',NULL,'010-7045-8403','전정환','ROLE_PTSTUDENT'),
('Student',25,'2021-08-02 15:41:28.858993000','2021-08-02 15:41:28.858993000','롯데캐슬','경상북도 군위군 삼국유사면 화수길 27-7','39057','ellis@ssafy.com',0,'엘리스','$2a$10$j1Y.sjK3vYQ7QDC2jODnhe6uZqRjMVInaUEU5tyoDH295badx8iWu',NULL,'010-8045-7934','정세민','ROLE_PTSTUDENT'),
('Student',18,'2021-07-02 14:41:28.858993000','2021-07-02 14:41:28.858993000','아이파크','광주광역시 남구 천변좌로574번길 12-12','61679','irelia@ssafy.com',1,'이렐리아','$2a$10$j1Y.sjK3vYQ7QDC2jODnhe6uZqRjMVInaUEU5tyoDH295badx8iWu',NULL,'010-5850-9802','이문석','ROLE_PTSTUDENT'),
('Student',19,'2021-07-06 13:41:28.858993000','2021-07-06 13:41:28.858993000','디에이치','전라남도 광양시 제철로 1655-835','57812','chyle@ssafy.com',0,'유미','$2a$10$j1Y.sjK3vYQ7QDC2jODnhe6uZqRjMVInaUEU5tyoDH295badx8iWu',NULL,'010-4934-2394','윤호진','ROLE_PTSTUDENT'),
('Student',33,'2021-07-26 16:41:28.858993000','2021-07-26 16:41:28.858993000','자이','경경기도 고양시 덕양구 도내로156번길 39','10554','evelynn@ssafy.com',1,'이블린','$2a$10$j1Y.sjK3vYQ7QDC2jODnhe6uZqRjMVInaUEU5tyoDH295badx8iWu',NULL,'010-3673-5093','임재영','ROLE_PTSTUDENT'),
('Student',43,'2021-07-24 17:41:28.858993000','2021-07-24 17:41:28.858993000','아이파크','경기도 고양시 덕양구 도내로156번길 39','10488','janna@ssafy.com',0,'잔나','$2a$10$j1Y.sjK3vYQ7QDC2jODnhe6uZqRjMVInaUEU5tyoDH295badx8iWu',NULL,'010-5748-5048','이윤빈','ROLE_PTSTUDENT'),
('Student',34,'2021-07-13 18:41:28.858993000','2021-07-13 18:41:28.858993000','디에이치','서울특별시 도봉구 도봉로139길 63','01392','jax@ssafy.com',1,'잭스','$2a$10$j1Y.sjK3vYQ7QDC2jODnhe6uZqRjMVInaUEU5tyoDH295badx8iWu',NULL,'010-5765-0023','임호진','ROLE_PTSTUDENT'),
('Student',23,'2021-07-14 15:41:28.858993000','2021-07-14 15:41:28.858993000','푸르지오','전라북도 김제시 광활면 광활13길 239','54302','karthus@ssafy.com',0,'카서스','$2a$10$j1Y.sjK3vYQ7QDC2jODnhe6uZqRjMVInaUEU5tyoDH295badx8iWu',NULL,'010-9706-4347','최영란','ROLE_PTSTUDENT'),
('Student',39,'2021-07-16 16:41:28.858993000','2021-07-16 16:41:28.858993000','상성아파트','경기도 고양시 일산동구 고봉로867번길 69-1','10245','caesar@ssafy.com',0,'카이사','$2a$10$j1Y.sjK3vYQ7QDC2jODnhe6uZqRjMVInaUEU5tyoDH295badx8iWu',NULL,'010-4054-2394','박나연','ROLE_PTSTUDENT'),
('Student',48,'2021-07-19 11:41:28.858993000','2021-07-19 11:41:28.858993000','푸르지오','전라남도 구례군 문척면 수달생태로 706','57631','kale@ssafy.com',1,'케일','$2a$10$j1Y.sjK3vYQ7QDC2jODnhe6uZqRjMVInaUEU5tyoDH295badx8iWu',NULL,'010-6703-5943','이보은','ROLE_PTSTUDENT'),
('Student',42,'2021-07-14 14:41:28.858993000','2021-07-14 14:41:28.858993000','힐스테이트','충청남도 금산군 남이면 상초현길 100','32752','timo@ssafy.com',0,'티모','$2a$10$j1Y.sjK3vYQ7QDC2jODnhe6uZqRjMVInaUEU5tyoDH295badx8iWu',NULL,'010-4023-4503','전나은','ROLE_PTSTUDENT'),
('Student',32,'2021-07-19 13:41:28.858993000','2021-07-19 13:41:28.858993000','한신아파트','충청남도 금산군 남이면 용동길 14','32751','pike@ssafy.com',0,'파이크','$2a$10$j1Y.sjK3vYQ7QDC2jODnhe6uZqRjMVInaUEU5tyoDH295badx8iWu',NULL,'010-2093-5039','김연순','ROLE_PTSTUDENT'),
('Student',23,'2021-07-14 11:41:28.858993000','2021-07-14 11:41:28.858993000','푸르지오','서울특별시 강동구 가래여울길 16-1','05200','talon@ssafy.com',0,'탈론','$2a$10$j1Y.sjK3vYQ7QDC2jODnhe6uZqRjMVInaUEU5tyoDH295badx8iWu',NULL,'010-8094-6045','신희우','ROLE_PTSTUDENT'),
('Student',41,'2021-07-19 14:41:28.858993000','2021-07-19 14:41:28.858993000','디에이치','경기도 고양시 일산서구 산남로154번길 104-16','10204','taric@ssafy.com',1,'타릭','$2a$10$j1Y.sjK3vYQ7QDC2jODnhe6uZqRjMVInaUEU5tyoDH295badx8iWu',NULL,'010-7094-3049','윤가영','ROLE_PTSTUDENT');

INSERT INTO pt_teacher (description,major,price,star_rating,pt_teacher_id) VALUES
('좋았어. 거짓은 머리털만큼도 없다! 신뢰와 정직으로 모시겠습니다','특공무술/재활/스트레칭/마사지/통증완화',500000,4.0,3),
('PT, 진행시켜','필라테스',500000,3.5,4),
('운동...그래도 사랑하시죠?','재활/스트레칭',600000,3.9,5),
('몸매는 헬스장에서 관리하고, 다이어트는 부엌에서 해라','보디빌딩',400000,4.4,6),
('먹는것보다 운동하는게 백만배는 행복해요. 안먹어도 행복해요','요가',200000,4.8,7),
('느린 것을 염려하지 마라. 멈추는 것을 염려하라.','마사지/통증완화',500000,4.5,8),
('포기하지 마세요. 시작은 언제나 힘든 법입니다.','스트레칭/생활근육',250000,4.1,9),
('야, 너도 로니콜먼 될 수 있어','보디빌딩',800000,3.5,10),
('거인의 어깨에 서서 봐라','맨손운동',100000,3.7,11),
('살을 뺀다는 것은 옷을 입었을 때 멋질 것을 의미한다. 운동한다는 것은 옷을 입지 않았을 때도 멋질 것을 의미한다.','보디빌딩',150000,4.0,12),
('원하는 몸을 만들기 위해 지금의 몸을 부수자','보디빌딩',480000,4.3,13),
('열망이야말로 성공에 있어서 가장 중요한 요소이다','플라잉요가',280000,4.0,14),
('승리는 가장 끈기있는 자에게 돌아간다','특공무술/재활/스트레칭/마사지/통증완화',500000,4.0,15),
('계속 노력해야해요. 지름길은 없어요.','맨몸운동',500000,4.1,16),
('심박수를 높이는 3~4분간의 고강도 운동으로 하루를 시작하세요!','크로스핏',180000,4.4,17),
('몸은 가꾸고, 단련하고, 자랑하며, 세월이 흐르면 믿고 의지하게 된다.','스피닝',200000,4.0,18),
('가장 큰 거짓말, 나 내일부터 다이어트 할거야','필라테스',300000,4.7,19),
('걷기는 최고의 운동이다. 멀리 걷기를 습관화하라','자세교정/통증완화',500000,4.5,20),
('헬스클럽은 클럽보다 즐거운 곳이다!','패션근육',240000,3.5,21),
('운동할 때 힘든 것은 몸이 아니라 마음이다','크로스핏',190000,4.0,22),
('NOTHING GREAT COMES WITHOUT EFFORT.','보디빌딩',450000,4.2,23),
('Be savage not average','보디빌딩',280000,4.2,24),
('DISCIPLINE IS REMEMBERING WHAT YOU WANT','맨몸운동',130000,4.0,25),
('A little progress each day adds up to big result','유산소운동',450000,4.0,26),
('MAKE TODAY A SUCCESSFUL DAY.','프리웨이트',230000,4.0,27),
('PUT YOUR HEART AND SOUL INTO IT AND TRAIN HARDER THAN YESTERDAY','코어강화',670000,4.2,28),
('The Pain you feel today will be the strength you feel tomorrow','힙업/바스트업',450000,2.9,29),
('Push yourself because no one else is going to do it for you.','자세개선',650000,4.0,30),
('Good things come to those who hustle','유연성강화',600000,2.4,31),
('Some people want to it happen, some wish it would happen, others make it happen','지방연소',300000,4.1,32),
('나는 오늘부터 달라지기로 결심했다','플라잉요가',500000,3.6,33),
('Start where you are. Use What you have. Do what you can','크로스핏',500000,3.6,34),
('오래된 습관을 바꾸는 것은 결코 늦지 않았습니다','자세교정',500000,4.1,35),
('몸부림 치는것은 괜찮지만, 꿈을 포기하는 것은 괜찮지 않습니다','보디빌딩',500000,3.7,36),
('완벽이 아닌 노력의 문제이다. 매일의 노력은 변화를 만든다.','마사지/통증완화',500000,3.2,37),
('힘든 시간은 당신을 더 강하게 만들겁니다.','스트레칭/생활근육',400000,3.4,38),
('I have failed over and over and over again in my life, And that is why I succeed','크로스핏',270000,4.0,39),
('꿈을 실현시키기 위해서는 엄청난 결단력, 헌신, 자기수양과 노력이 필요합니다','유연성강화',330000,4.0,40),
('아무것도 바꾸지 않으면 변하는 것은 없다','필라테스',300000,4.0,41),
('스쿼트를 열심히 하는 자에게 복이 있나니','자세교정',500000,3.9,42),
('균형잡힌 식생활이란 양 손에 든 초콜렛이다','보디빌딩',400000,3.5,43),
('당신의 몸에 귀를 기울이세요','마사지/통증완화',200000,3.2,44),
('당신이 아무리 천천히 걷고 있다 해도 쇼파에 엉덩이 붙이고 있는 사람들보다는 낫다!','지방연소/유산소운동',500000,4.0,45);

INSERT INTO pt_student (pt_student_id) VALUES
(1),
(2),
(46),
(47),
(48),
(49),
(50),
(51),
(52),
(53),
(54),
(55),
(56),
(57),
(58),
(59),
(60),
(61),
(62),
(63),
(64),
(65),
(66),
(67),
(68),
(69),
(70);

INSERT INTO sns (platform,url,pt_teacher_id) VALUES
('instagram','instagram.com/physical_gallery_egg',3),
('facebook','@egg-kim',3),
('youtube','youtube.com/channel/UCdtRAcd3L_UpV4tMXCw63NQ',3);


INSERT INTO career (company,end_date,`role`,start_date,pt_teacher_id) VALUES
('OGYM','2021-07-22','원장','2018-02-11',3),
('애플짐','2017-01-24','원장','2013-02-11',3),
('세종헬스장','2017-07-22','강사','2014-04-12',4),
('얼러이브짐','2017-05-22','아르바이드','2015-03-15',5),
('더블에이짐','2015-07-22','강사','2013-06-14',6),
('닥터스트렝스','2018-07-22','원장','2015-07-24',7),
('바디스쿨','2019-12-22','강사','2016-11-21',8),
('바디플렉스짐','2020-12-22','아르바이트','2014-12-11',9),
('피트니스월드','2020-05-22','강사','2016-04-21',10),
('휘트니스모션','2019-01-22','원장','2018-01-15',11),
('이루어짐헬스','2020-01-22','원장','2012-11-04',12),
('올림픽휘트니스','2020-01-22','강사','2014-12-06',13),
('토로짐피트니스','2018-05-22','원장','2015-12-14',14),
('휘트니스베이','2019-06-22','강사','2012-03-15',15),
('필웨이','2019-07-22','아르바이트','2016-04-11',16),
('올림픽휘트니스','2019-07-22','아르바이트','2014-06-16',17),
('바디플렉스짐','2019-04-22','강사','2016-08-11',18),
('닥터스트렝스','2019-04-22','원장','2017-09-21',19),
('바디스쿨','2018-05-22','강사','2015-07-11',20),
('더블에이짐','2019-06-22','원장','2018-06-22',21),
('애이치짐','2019-07-22','강사','2017-05-28',22),
('피트니스월드','2019-07-22','원장','2018-02-14',23),
('바디스쿨','2020-05-22','강사','2018-03-15',24),
('닥터스트렝스','2021-06-22','아르바이트','2016-07-11',25),
('vip휘트니스','2021-07-22','원장','2015-06-26',26),
('맥스토탈휘트니스','2018-01-22','강사','2014-03-20',27),
('하이피트니스','2017-01-22','아르바이트','2013-06-10',28),
('휘트니스클리닉','2019-04-22','강사','2012-08-16',29),
('하이피트니스','2018-05-22','강사','2014-09-11',30),
('선림남녀헬스클럽','2017-05-22','원장','2013-04-16',31),
('엠파이어휘트니스','2019-06-22','원장','2014-03-11',32),
('헬스인','2019-07-22','아르바이트','2015-04-15',33),
('정헬스장','2018-04-22','강사','2016-05-11',34),
('오케이휘트니스','2019-08-22','강사','2018-06-16',35),
('맥스토탈휘트니스','2010-08-22','아르바이트','2008-07-14',36),
('오케이휘트니스','2018-08-22','원장','2012-03-11',37),
('헬스클럽24','2019-04-22','강사','2014-05-12',38),
('원바디퍼스널트레이','2018-03-22','원장','2012-06-14',39),
('애니타임피트니스','2018-04-22','강사','2015-07-26',40),
('DM휘트니스','2019-05-22','아르바이트','2016-04-24',41),
('짐어스','2018-05-22','강사','2015-05-24',42),
('더랩스휘트니스','2018-06-22','아르바이트','2013-03-26',43),
('경희헬스클럽','2019-03-22','강사','2018-01-14',44),
('더클래식바디랩','2019-03-22','아르바이트','2016-04-04',45);

INSERT INTO certificate (`date`,cert_name,publisher,pt_teacher_id) VALUES
('2015-11-11','NSCA','NSCA KOREA',3),
('2013-05-08','NASM-CPT','NASM KOREA',3),
('2015-03-21','NASM-PES','NASM KOREA',3),
('2021-01-30','NASM-CES','NASM KOREA',3),
('2021-01-30','NSCA-CSCS','ACSM KOREA',4),
('2021-01-30','NSCA-CSCS','NSCA KOREA',5),
('2021-01-30','NSCA-CPT','NSCA KOREA',6),
('2021-01-30','ACSM-RCEP','ACSM KOREA',7),
('2021-01-30','ACSM-CES','ACSM KOREA',8),
('2021-01-30','ACSM-CPT','ACSM KOREA',9),
('2021-01-30','NASM-CES','NASM KOREA',10),
('2021-01-30','ACSM-CPT','ACSM KOREA',11),
('2021-01-30','ACSM-CPT','ACSM KOREA',12),
('2021-01-30','NSCA-CSCS','NSCA KOREA',13),
('2021-01-30','NSCA-CPT','NSCA KOREA',14),
('2021-01-30','NASM-CES','NASM KOREA',15),
('2021-01-30','NASM-CES','NASM KOREA',16),
('2021-01-30','ACSM-RCEP','ACSM KOREA',17),
('2021-01-30','ACSM-HFI','ACSM KOREA',18),
('2021-01-30','ACSM-CES','ACSM KOREA',19),
('2021-01-30','NSCA-CPT','NSCA KOREA',20),
('2021-01-30','NSCA-CPT','NSCA KOREA',21),
('2021-01-30','ACSM-RCEP','ACSM KOREA',22),
('2021-01-30','ACSM-HFI','ACSM KOREA',23),
('2021-01-30','ACSM-CPT','ACSM KOREA',24),
('2021-01-30','NASM-CPT','NASM KOREA',25),
('2021-01-30','NASM-CES','NASM KOREA',26),
('2021-01-30','NASM-PES','NASM KOREA',27),
('2021-01-30','NSCA-CSCS','NSCA KOREA',28),
('2021-01-30','NSCA-CSCS','NSCA KOREA',29),
('2021-01-30','ACSM-CPT','ACSM KOREA',30),
('2021-01-30','ACSM-CES','ACSM KOREA',31),
('2021-01-30','ACSM-CPT','ACSM KOREA',32),
('2021-01-30','ACSM-CES','ACSM KOREA',33),
('2021-01-30','NASM-CES','NASM KOREA',34),
('2021-01-30','NASM-CPT','NASM KOREA',35),
('2021-01-30','NASM-CPT','NASM KOREA',36),
('2021-01-30','NASM-CES','NASM KOREA',37),
('2021-01-30','ACSM-RCEP','ACSM KOREA',38),
('2021-01-30','ACSM-CES','ACSM KOREA',39),
('2021-01-30','ACSM-HFI','ACSM KOREA',40),
('2021-01-30','ACSM-CES','ACSM KOREA',41),
('2021-01-30','NASM-CES','NASM KOREA',42),
('2021-01-30','NASM-CPT','NASM KOREA',43),
('2021-01-30','NASM-CPT','NASM KOREA',44),
('2021-01-30','NASM-PES','NASM KOREA',45);

INSERT INTO monthly (height,`month`,weight,pt_student_id) VALUES
(160,1,47,1),
(160,2,45,1),
(160,3,46,1),
(160,4,42,1),
(160,5,43,1),
(160,6,43,1),
(160,7,42,1),
(160,8,41,1);
INSERT INTO monthly (height,`month`,weight,pt_student_id) VALUES
(164,2,52,2),
(164,3,50,2),
(164,4,51,2),
(164,5,46,2),
(164,6,45,2),
(164,9,49,2),
(163,10,48,2),
(164,11,47,2);
-- INSERT INTO monthly (height,`month`,weight,pt_student_id) VALUES
-- (173,1,65,46),
-- (173,2,64,46),
-- (173,3,62,46),
-- (173,4,63,46),
-- (173,5,61,46),
-- (173,6,62,46),
-- (173,7,63,46);
-- INSERT INTO monthly (height,`month`,weight,pt_student_id) VALUES
-- (158,2,45,47),
-- (158,3,44,47),
-- (158,4,45,47),
-- (158,5,45,47),
-- (158,6,46,47),
-- INSERT INTO monthly (height,`month`,weight,pt_student_id) VALUES
-- (164,4,54,48),
-- (164,5,54,48),
-- (164,6,54,48);
-- INSERT INTO monthly (height,`month`,weight,pt_student_id) VALUES
-- (161,1,54,49),
-- (161,2,53,49),
-- (161,3,53,49),
-- (161,4,53,49),
-- (161,5,53,49),
-- (161,6,52,49),
-- (161,7,51,49);

INSERT INTO pt_student_pt_teacher (reservation_date,pt_student_id,pt_teacher_id,description) VALUES
('2021-07-28 13:00:00',1,3,'가슴+삼두'),
('2021-08-01 15:00:00',1,3,'등+이두'),
('2021-08-01 17:00:00',1,3,'코어'),
('2021-08-03 13:00:00',1,3,'하체+어깨'),
('2021-08-04 09:00:00',1,3,'가슴+삼두'),
('2021-08-05 15:00:00',1,3,'등+이두'),
('2021-08-09 15:00:00',1,3,'하체+어깨'),
('2021-08-10 15:00:00',1,3,'후면삼각근'),
('2021-08-12 15:00:00',1,3,'등+이두'),
('2021-08-13 15:00:00',1,3,'코어'),
('2021-08-14 12:00:00',1,3,'가슴+삼두'),
('2021-08-15 15:00:00',1,3,'하체+어깨'),
('2021-08-16 15:00:00',1,3,'광배근+전거근'),
('2021-08-16 13:00:00',1,3,'가슴+삼두'),
('2021-08-17 16:00:00',1,3,'코어'),
('2021-08-18 14:00:00',1,3,'등+이두'),
('2021-08-20 15:00:00',1,3,'하체+어깨'),
('2021-08-21 16:00:00',1,3,'가슴+삼두'),
('2021-08-23 12:00:00',1,3,'등+이두'),
('2021-08-24 13:00:00',46,3,'코어'),
('2021-08-30 17:00:00',1,8,'등'),
('2021-08-31 19:00:00',46,8,'가슴'),
('2021-09-02 15:00:00',46,8,'하체'),
('2021-09-03 19:00:00',1,8,'어깨'),
('2021-09-04 13:00:00',1,8,'팔'),
('2021-09-06 19:00:00',1,8,'등'),
('2021-09-07 20:00:00',1,8,'가슴'),
('2021-09-09 16:00:00',1,8,'하체'),
('2021-09-10 19:00:00',1,8,'어깨'),
('2021-09-11 15:00:00',1,8,'팔'),
('2021-09-13 19:00:00',1,8,'등'),
('2021-09-14 19:00:00',1,8,'가슴'),
('2021-09-16 17:00:00',1,8,'하체'),
('2021-07-16 17:00:00',2,3,'어깨'),
('2021-07-17 18:00:00',2,3,'팔'),
('2021-07-18 19:00:00',2,3,'등+이두'),
('2021-07-20 20:00:00',2,8,'가슴+삼두'),
('2021-07-22 17:00:00',2,3,'하체+어깨'),
('2021-07-23 19:00:00',2,8,'코어'),
('2021-07-24 20:00:00',2,3,'등+이두'),
('2021-07-28 15:00:00',2,3,'가슴+삼두'),
('2021-08-01 21:00:00',2,8,'하체+어깨'),
('2021-08-03 17:00:00',2,3,'코어'),
('2021-08-07 17:00:00',2,3,'등+이두'),
('2021-08-09 18:00:00',2,3,'가슴+삼두'),
('2021-08-12 17:00:00',2,9,'하체+어깨'),
('2021-08-15 17:00:00',2,9,'코어'),
('2021-08-16 12:00:00',2,9,'등+이두'),
('2021-08-18 14:00:00',2,9,'가슴+삼두'),
('2021-08-22 13:00:00',2,9,'하체'),
('2021-08-24 13:00:00',2,9,'등'),
('2021-08-28 17:00:00',2,9,'가슴+삼두');